transaction_id,date,branch_id,product_id,pricing_id,units_sold,unit_buy_price_naira,unit_sell_price_naira,total_revenue_naira
T1,2024-06-14,B5,P3,PR66,109.0,373,455,49595.0
T2,2024-01-30,B1,P7,PR109,47.0,114,139,6533.0
T3,2024-10-09,B1,P6,PR106,27.0,108,211,5697.0
T4,2024-10-22,B3,P8,PR130,70.0,102,119,8330.0
T5,2024-08-02,B2,P3,PR68,119.0,141,167,19873.0
T6,2024-02-22,B1,P8,PR122,44.0,145,228,10032.0
T7,2024-11-12,B4,P4,PR83,56.0,102,147,8232.0
T8,2024-07-04,B4,P11,PR31,82.0,360,440,36080.0
T9,2024-06-24,B1,P10,PR18,77.0,328,446,34342.0
T10,2024-09-19,B1,P6,PR105,41.0,318,387,15867.0
T11,15-03-2024,B4,P8,PR130,60.0,102,119,7140.0
T12,2024-10-23,B6,P12,PR46,28.0,138,212,5936.0
T13,2024-02-03,B4,P1,PR2,91.0,345,463,42133.0
T14,2024-12-08,B1,P5,PR96,6.0,209,255,1530.0
T15,2024-09-09,B4,P1,PR9,75.0,187,319,23925.0
T16,2024-09-11,B4,P2,PR57,60.0,233,333,19980.0
T17,2024-10-08,B2,P11,PR34,123.0,462,595,73185.0
T18,2024-02-12,B3,P3,PR62,54.0,317,388,20952.0
T19,2024-05-24,B2,P1,PR5,55.0,261,389,21395.0
T20,2024-12-19,B6,P7,PR120,44.0,112,125,5500.0
T21,2024-10-13,B6,P6,PR106,70.0,108,211,14770.0
T22,2024-07-24,B3,P1,PR7,58.0,185,308,17864.0
T23,2024-11-03,B3,P1,PR11,14.0,247,287,4018.0
T24,2024-11-10,B3,P1,PR11,14.0,247,287,4018.0
T25,2024-06-26,B-UNKNOWN,P8,PR126,66.0,218,287,18942.0
T26,2024-09-02,B6,P12,PR45,59.0,198,318,18762.0
T27,2024-03-23,B6,P7,PR111,62.0,105,126,7812.0
T28,Oct 9 2024,B2,P1,PR10,123.0,233,268,32964.0
T29,2024-07-01,B5,P4,PR79,133.0,373,454,6038.2
T30,2024-04-09,B1,P4,PR76,177.0,136,209,36993.0
T31,2024-01-15,B4,P11,PR25,112.0,317,416,46592.0
T32,2024-06-27,B5,P5,PR90,30.0,312,367,11010.0
T33,2024-11-08,B6,P1,PR11,58.0,247,287,16646.0
T34,2024-03-02,B6,P6,PR99,85.0,328,396,33660.0
T35,2024-07-21,B2,P12,PR43,71.0,114,238,16898.0
T36,2024-01-15,B4,P3,PR61,128.0,218,319,40832.0
T37,2024-12-02,B1,P5,PR96,14.0,209,255,3570.0
T38,2024-11-28,B2,P2,PR59,,197,217,13020.0
T39,2024-04-18,B2,P1,PR4,127.0,229,287,36449.0
T40,2024-02-01,B5,P10,PR14,65.0,127,190,12350.0
T41,2024-08-03,B4,P7,PR116,36.0,251,292,10512.0
T42,2024-04-03,B1,P8,PR124,60.0,230,351,21060.0
T43,2024-10-11,B-UNKNOWN,P1,PR10,95.0,233,268,25460.0
T44,2024-10-13,B1,P1,PR10,70.0,233,268,18760.0
T45,2024-08-14,B4,P5,PR92,84.0,137,177,14868.0
T46,2024-09-16,B2,P4,PR81,141.0,195,252,35532.0
T47,2024-08-17,B2,P3,PR68,98.0,141,167,16366.0
T48,2024-08-07,B6,P2,PR56,73.0,284,413,30149.0
T49,Oct 9 2024,B4,P3,PR67,85.0,318,376,31960.0
T50,2024-03-24,B5,P9,PR135,88.0,456,549,48312.0
T51,2024-07-25,B6,P5,PR91,73.0,213,231,16863.0
T52,Oct 9 2024,B3,P1,PR7,95.0,185,308,29260.0
T53,2024-09-21,B2,P8,PR129,57.0,113,134,7638.0
T54,2024-02-23,B6,P2,PR50,74.0,212,257,19018.0
T55,2024-05-12,B6,P6,PR101,39.0,277,280,10920.0
T56,2024-06-16,B6,P2,PR54,72.0,249,359,25848.0
T57,2024-02-15,B1,P11,PR26,46.0,185,266,12236.0
T58,2024-06-22,B5,P7,PR114,73.0,190,244,17812.0
T59,2024-12-29,B6,P4,PR84,20.0,325,328,6560.0
T60,2024-06-05,B2,P7,PR114,46.0,190,244,11224.0
T61,2024-05-18,B2,P5,PR89,22.0,103,127,2794.0
T62,Oct 9 2024,B-UNKNOWN,P12,PR45,51.0,198,318,16218.0
T63,2024-07-20,B6,P7,PR115,59.0,309,429,25311.0
T64,2024-11-21,B3,P3,PR71,50.0,130,151,7550.0
T65,2024-08-08,B3,P3,PR68,36.0,141,167,6012.0
T66,14/06/2024,B3,P4,PR83,30.0,102,147,4410.0
T67,2024-06-17,B3,P7,PR114,61.0,190,244,14884.0
T68,2024-04-03,B2,P1,PR4,148.0,229,287,42476.0
T69,2024-05-07,B2,P7,PR113,20.0,114,143,2860.0
T70,2024-07-23,B1,P8,PR127,25.0,120,240,6000.0
T71,2024-10-26,B4,P7,PR118,39.0,288,367,14313.0
T72,2024-03-17,B6,P11,PR27,216.0,172,300,64800.0
T73,2024-08-07,B5,P10,PR20,84.0,133,137,11508.0
T74,2024-01-09,B1,P9,PR133,49.0,403,491,24059.0
T75,2024-07-11,B2,P12,PR43,26.0,114,238,6188.0
T76,2024-09-07,B-UNKNOWN,P11,PR33,29.0,346,400,11600.0
T77,2024-02-17,B3,P9,PR134,87.0,436,517,44979.0
T78,2024-02-08,B4,P11,PR26,79.0,185,266,21014.0
T79,2024-07-14,B3,P2,PR55,134.0,320,406,54404.0
T80,2024-11-29,B4,P10,PR23,24.0,214,275,6600.0
T81,2024/07/22,B4,P12,PR38,54.0,215,216,11664.0
T82,2024-05-28,B1,P10,PR17,86.0,260,287,24682.0
T83,2024-10-08,B5,P4,PR82,,380,445,44055.0
T84,2024-08-18,B5,P11,PR32,95.0,385,436,41420.0
T85,2024-05-14,B6,P5,PR89,36.0,103,127,4572.0
T86,15-03-2024,B1,P4,PR79,137.0,373,454,62198.0
T87,2024-09-08,B4,P9,PR141,77.0,306,412,31724.0
T88,2024-06-25,B3,P6,PR102,60.0,336,437,26220.0
T89,2024-07-22,B1,P2,PR55,71.0,320,406,28826.0
T90,2024-07-20,B1,P6,PR103,29.0,327,407,11803.0
T91,2024-05-23,B2,P2,PR53,42.0,225,278,11676.0
T92,2024-05-16,B1,P6,PR101,85.0,277,280,23800.0
T93,2024-11-19,B4,P6,PR107,40.0,324,394,15760.0
T94,2024-11-10,B3,P3,PR71,34.0,130,151,5134.0
T95,2024-06-01,B6,P11,PR30,77.0,382,484,37268.0
T96,2024-07-20,B4,P2,PR55,63.0,320,406,25578.0
T97,2024-06-19,B-UNKNOWN,P12,PR42,74.0,197,274,20276.0
T98,2024-03-30,B3,P5,PR87,131.0,300,326,42706.0
T99,2024-10-18,B5,P4,PR82,35.0,380,445,15575.0
T100,2024-04-17,B6,P6,PR100,94.0,329,405,38070.0
T101,2024-09-14,B4,P7,PR117,47.0,97,116,5452.0
T102,2024-07-23,B1,P9,PR139,77.0,347,470,36190.0
T103,Oct 9 2024,B1,P1,PR3,180.0,277,401,72180.0
T104,2024/07/22,B2,P7,PR115,79.0,309,429,33891.0
T105,2024-09-24,B-UNKNOWN,P9,PR141,33.0,306,412,13596.0
T106,2024-02-13,B6,P7,PR110,25.0,113,193,4825.0
T107,2024-06-04,B1,P3,PR66,78.0,373,455,35490.0
T108,2024-02-06,B5,P11,PR26,145.0,185,266,38570.0
T109,2024-01-01,B6,P1,PR1,125.0,227,282,35250.0
T110,2024-05-04,B4,P12,PR41,87.0,306,380,33060.0
T111,2024-12-26,B6,P9,PR144,24.0,168,287,6888.0
T112,2024-08-03,B1,P2,PR56,72.0,284,413,29736.0
T113,2024-12-22,B1,P5,PR96,31.0,209,255,7905.0
T114,2024-05-29,B2,P10,PR17,84.0,260,287,24108.0
T115,2024-04-28,B5,P12,PR40,88.0,271,363,31944.0
T116,2024-09-10,B6,P8,PR129,43.0,113,134,5762.0
T117,2024-01-29,B2,P8,PR121,38.0,331,398,15124.0
T118,2024-07-31,B6,P1,PR7,37.0,185,308,11396.0
T119,2024-02-27,B6,P2,PR50,58.0,212,257,14906.0
T120,2024-08-27,B4,P1,PR8,92.0,133,163,14996.0
T121,2024-03-27,B1,P2,PR51,79.0,310,402,31758.0
T122,2024/07/22,B6,P4,PR82,,380,445,43610.0
T123,2024-08-30,B4,P4,PR80,101.0,209,265,26765.0
T124,2024.01.30,B-UNKNOWN,P9,PR133,72.0,403,491,35352.0
T125,Oct 9 2024,B1,P1,PR7,104.0,185,308,32032.0
T126,2024-11-06,B5,P5,PR95,28.0,103,210,5880.0
T127,2024-01-23,B6,P11,PR25,,317,416,41600.0
T128,2024-02-03,B4,P1,PR2,65.0,345,463,30095.0
T129,2024-05-08,B6,P6,PR101,83.0,277,280,23240.0
T130,2024-06-04,B3,P10,PR18,39.0,328,446,17394.0
T131,2024-11-01,B3,P2,PR59,,197,217,11067.0
T132,2024-03-23,B2,P6,PR99,73.0,328,396,28908.0
T133,2024-02-19,B6,P6,PR98,83.0,153,244,20252.0
T134,2024-04-30,B3,P10,PR16,128.0,159,188,24064.0
T135,2024-05-30,B2,P11,PR29,78.0,212,339,26442.0
T136,2024-04-05,B2,P4,PR76,122.0,136,209,25498.0
T137,2024-09-16,B1,P7,PR117,49.0,97,116,5684.0
T138,15-03-2024,B1,P1,PR2,132.0,345,463,61116.0
T139,2024-05-30,B1,P4,PR77,46.0,250,346,15916.0
T140,2024-07-09,B6,P7,PR115,42.0,309,429,18018.0
T141,2024-01-04,B2,P2,PR49,88.0,246,380,33440.0
T142,2024-05-10,B2,P1,PR5,74.0,261,389,28786.0
T143,2024-11-13,B4,P11,PR35,12.0,319,384,4608.0
T144,2024-02-21,B6,P6,PR98,90.0,153,244,21960.0
T145,Oct 9 2024,B4,P6,PR99,94.0,328,396,37224.0
T146,2024-01-27,B4,P11,PR25,95.0,317,416,39520.0
T147,Oct 9 2024,B1,P4,PR79,29.0,373,454,13166.0
T148,2024-07-26,B2,P8,PR127,66.0,120,240,15840.0
T149,2024-11-24,B6,P6,PR107,10.0,324,394,3940.0
T150,2024-09-15,B1,P3,PR69,54.0,308,369,19926.0
T151,2024-02-25,B1,P6,PR98,82.0,153,244,20008.0
T152,2024-09-04,B2,P5,PR93,26.0,344,420,10920.0
T153,2024-11-23,B2,P4,PR83,64.0,102,147,9408.0
T154,2024-01-22,B2,P6,PR97,86.0,273,330,28380.0
T155,2024-05-06,B6,P10,PR17,44.0,260,287,12628.0
T156,2024-01-20,B5,P9,PR133,61.0,403,491,29951.0
T157,2024-11-17,B3,P11,PR35,44.0,319,384,16896.0
T158,2024-08-16,B-UNKNOWN,P7,PR116,76.0,251,292,22192.0
T159,2024-04-30,B3,P12,PR40,139.0,271,363,50457.0
T160,2024-02-16,B6,P12,PR38,84.0,215,216,18144.0
T161,2024-03-07,B2,P2,PR51,161.0,310,402,64722.0
T162,2024-01-14,B2,P2,PR49,46.0,246,380,17480.0
T163,2024-12-17,B3,P10,PR24,19.0,338,477,9063.0
T164,2024/07/22,B5,P5,PR87,138.0,300,326,44988.0
T165,2024-09-02,B2,P4,PR81,81.0,195,252,20412.0
T166,2024-04-03,B4,P6,PR100,80.0,329,405,32400.0
T167,2024-03-27,B4,P11,PR27,118.0,172,300,35400.0
T168,2024-10-11,B4,P7,PR118,33.0,288,367,12111.0
T169,2024-07-09,B4,P11,PR31,115.0,360,440,50600.0
T170,2024-04-27,B3,P3,PR64,220.0,398,475,104500.0
T171,2024-06-07,B3,P9,PR138,,181,197,11820.0
T172,2024-11-11,B1,P9,PR143,,315,450,14400.0
T173,2024-03-08,B5,P12,PR39,89.0,107,192,17088.0
T174,2024-07-01,B2,P7,PR115,48.0,309,429,20592.0
T175,2024-04-14,B2,P5,PR88,139.0,170,262,36418.0
T176,2024-08-18,B3,P2,PR56,43.0,284,413,17759.0
T177,2024-01-06,B5,P1,PR1,98.0,227,282,27636.0
T178,15-03-2024,B2,P4,PR81,68.0,195,252,17136.0
T179,2024-03-22,B2,P1,PR3,,277,401,38095.0
T180,2024-07-30,B5,P4,PR79,132.0,373,454,59928.0
T181,2024-03-30,B6,P7,PR111,99.0,105,126,12474.0
T182,2024-09-01,B6,P10,PR21,88.0,259,272,23936.0
T183,2024-08-26,B1,P2,PR56,105.0,284,413,43365.0
T184,2024-03-04,B6,P5,PR87,93.0,300,326,30318.0
T185,2024-08-11,B2,P9,PR140,,154,169,14534.0
T186,2024-02-13,B6,P7,PR110,21.0,113,193,4053.0
T187,2024-04-13,B4,P3,PR64,139.0,398,475,66025.0
T188,2024-11-18,B6,P10,PR23,39.0,214,275,10725.0
T189,2024-01-04,B2,P1,PR1,126.0,227,282,35532.0
T190,2024-07-19,B5,P8,PR127,29.0,120,240,6960.0
T191,2024-03-23,B6,P5,PR87,78.0,300,326,25428.0
T192,2024-02-04,B2,P10,PR14,25.0,127,190,4750.0
T193,2024-09-30,B1,P9,PR141,28.0,306,412,11536.0
T194,2024-05-06,B6,P4,PR77,61.0,250,346,21106.0
T195,2024-11-19,B3,P11,PR35,46.0,319,384,17664.0
T196,2024-06-21,B3,P6,PR102,53.0,336,437,23161.0
T197,2024-01-25,B5,P10,PR13,67.0,494,598,40066.0
T198,2024-09-14,B5,P12,PR45,56.0,198,318,17808.0
T199,2024-02-20,B6,P5,PR86,80.0,164,215,17200.0
T200,2024-02-16,B2,P8,PR122,56.0,145,228,12768.0
T201,2024-05-27,B2,P1,PR5,28.0,261,389,10892.0
T202,2024-09-10,B2,P8,PR129,64.0,113,134,8576.0
T203,2024-05-25,B4,P4,PR77,73.0,250,346,25258.0
T204,2024-12-22,B4,P7,PR120,11.0,112,125,1375.0
T205,2024-02-14,B2,P6,PR98,23.0,153,244,5612.0
T206,2024-07-13,B5,P9,PR139,49.0,347,470,23030.0
T207,2024-12-18,B2,P8,PR132,7.0,134,280,1960.0
T208,2024-08-18,B4,P9,PR140,90.0,154,169,15210.0
T209,2024-12-18,B6,P11,PR36,58.0,392,482,27956.0
T210,2024-05-01,B5,P7,PR113,44.0,114,143,6292.0
T211,2024-03-20,B3,P10,PR15,79.0,113,252,19908.0
T212,2024-03-23,B2,P4,PR75,169.0,344,434,73346.0
T213,2024-12-02,B4,P2,PR60,24.0,169,219,5256.0
T214,2024-05-20,B4,P4,PR77,51.0,250,346,176460.0
T215,14/06/2024,B6,P1,PR8,30.0,133,163,4890.0
T216,2024-05-31,B4,P12,PR41,22.0,306,380,8360.0
T217,2024-01-03,B5,P10,PR13,51.0,494,598,30498.0
T218,2024-11-27,B3,P6,PR107,19.0,324,394,7486.0
T219,2024-05-13,B4,P9,PR137,32.0,512,594,19008.0
T220,2024-12-30,B1,P9,PR144,15.0,168,287,4305.0
T221,2024-11-14,B1,P6,PR107,38.0,324,394,14972.0
T222,2024-07-18,B2,P12,PR43,33.0,114,238,7854.0
T223,2024-04-12,B2,P7,PR112,104.0,279,419,43576.0
T224,2024-08-31,B6,P7,PR116,22.0,251,292,6424.0
T225,2024-08-21,B6,P4,PR80,62.0,209,265,16430.0
T226,2024-01-29,B6,P11,PR25,79.0,317,416,32864.0
T227,2024-12-23,B3,P9,PR144,27.0,168,287,7749.0
T228,2024-07-24,B2,P7,PR115,48.0,309,429,20592.0
T229,2024-02-05,B2,P9,PR134,44.0,436,517,227480.0
T230,2024-03-15,B6,P5,PR87,112.0,300,326,36512.0
T231,2024-03-05,B6,P12,PR39,105.0,107,192,20160.0
T232,2024-05-09,B6,P6,PR101,43.0,277,280,12040.0
T233,2024-06-03,B1,P5,PR90,81.0,312,367,29727.0
T234,2024-12-03,B5,P5,PR96,14.0,209,255,3570.0
T235,2024-06-15,B1,P3,PR66,142.0,373,455,64610.0
T236,Oct 9 2024,B2,P2,PR52,135.0,133,269,36315.0
T237,2024-04-05,B6,P12,PR40,104.0,271,363,37752.0
T238,2024-11-07,B6,P2,PR59,64.0,197,217,13888.0
T239,2024-02-29,B2,P7,PR110,35.0,113,193,6755.0
T240,15-03-2024,B6,P12,PR44,27.0,324,394,10638.0
T241,2024-09-08,B3,P4,PR81,113.0,195,252,28476.0
T242,2024-08-27,B3,P10,PR20,83.0,133,137,11371.0
T243,2024-08-06,B6,P6,PR104,29.0,326,379,10991.0
T244,2024-01-15,B1,P1,PR1,39.0,227,282,10998.0
T245,2024-04-19,B3,P10,PR16,113.0,159,188,21244.0
T246,2024-06-23,B1,P12,PR42,87.0,197,274,23838.0
T247,2024-05-28,B3,P11,PR29,106.0,212,339,35934.0
T248,2024-09-16,B5,P5,PR93,46.0,344,420,19320.0
T249,2024-11-21,B1,P2,PR59,10.0,197,217,2170.0
T250,2024-07-23,B6,P11,PR31,42.0,360,440,18480.0
T251,2024-01-31,B6,P7,PR109,89.0,114,139,12371.0
T252,14/06/2024,B1,P10,PR24,43.0,338,477,20511.0
T253,2024-12-07,B1,P9,PR144,34.0,168,287,9758.0
T254,2024-08-03,B-UNKNOWN,P2,PR56,30.0,284,413,12390.0
T255,2024-06-03,B5,P3,PR66,95.0,373,455,43225.0
T256,2024-01-28,B4,P12,PR37,86.0,232,377,32422.0
T257,2024-08-16,B6,P2,PR56,33.0,284,413,13629.0
T258,2024-03-20,B6,P12,PR39,112.0,107,192,21504.0
T259,2024-01-08,B1,P6,PR97,20.0,273,330,6600.0
T260,2024-04-21,B4,P2,PR52,113.0,133,269,30397.0
T261,2024-04-05,B6,P1,PR4,170.0,229,287,48790.0
T262,2024-02-13,B1,P11,PR26,123.0,185,266,32718.0
T263,2024-11-29,B6,P9,PR143,44.0,315,450,19800.0
T264,2024-11-03,B6,P3,PR71,55.0,130,151,8305.0
T265,2024-08-12,B4,P12,PR44,41.0,324,394,16154.0
T266,2024-09-01,B3,P6,PR105,77.0,318,387,29799.0
T267,15-03-2024,B4,P8,PR122,62.0,145,228,1413.6
T268,2024-05-06,B2,P6,PR101,69.0,277,280,19320.0
T269,2024-08-19,B1,P11,PR32,28.0,385,436,12208.0
T270,2024-05-27,B4,P3,PR65,53.0,378,460,24380.0
T271,2024-06-26,B4,P7,PR114,30.0,190,244,7320.0
T272,2024-04-12,B4,P10,PR16,89.0,159,188,16732.0
T273,2024-08-26,B1,P10,PR20,46.0,133,137,6302.0
T274,2024-07-16,B1,P12,PR43,89.0,114,238,21182.0
T275,2024-04-29,B5,P6,PR100,134.0,329,405,54270.0
T276,2024-06-13,B6,P12,PR42,84.0,197,274,23016.0
T277,2024-05-28,B2,P5,PR89,65.0,103,127,8255.0
T278,2024-01-23,B1,P12,PR37,67.0,232,377,25259.0
T279,2024-03-20,B5,P5,PR87,136.0,300,326,44336.0
T280,2024-01-11,B2,P2,PR49,33.0,246,380,12540.0
T281,2024-05-13,B2,P11,PR29,99.0,212,339,33561.0
T282,2024-05-10,B1,P1,PR5,86.0,261,389,33454.0
T283,2024-01-18,B1,P7,PR109,67.0,114,139,9313.0
T284,2024-11-02,B-UNKNOWN,P9,PR143,30.0,315,450,13500.0
T285,2024-10-16,B4,P4,PR82,52.0,380,445,23140.0
T286,2024-03-22,B5,P5,PR87,90.0,300,326,29340.0
T287,2024-01-15,B4,P1,PR1,85.0,227,282,23970.0
T288,2024-01-29,B6,P2,PR49,54.0,246,380,20520.0
T289,14/06/2024,B3,P12,PR38,61.0,215,216,13176.0
T290,2024-09-03,B4,P6,PR105,41.0,318,387,15867.0
T291,2024-04-09,B2,P1,PR4,133.0,229,287,38171.0
T292,2024-08-16,B4,P2,PR56,112.0,284,413,46256.0
T293,2024-02-29,B1,P9,PR134,66.0,436,517,34122.0
T294,14/06/2024,B4,P10,PR16,117.0,159,188,21996.0
T295,2024-07-29,B2,P4,PR79,51.0,373,454,23154.0
T296,2024-05-13,B1,P12,PR41,33.0,306,380,12540.0
T297,2024-03-19,B3,P7,PR111,67.0,105,126,8442.0
T298,2024-03-02,B2,P11,PR27,143.0,172,300,42900.0
T299,2024-02-19,B6,P6,PR98,57.0,153,244,13908.0
T300,2024-01-09,B1,P12,PR37,84.0,232,377,31668.0
T301,2024-09-26,B5,P11,PR33,62.0,346,400,24800.0
T302,2024-04-02,B5,P3,PR64,125.0,398,475,59375.0
T303,2024-02-10,B2,P2,PR50,133.0,212,257,34181.0
T304,2024-10-25,B6,P11,PR34,58.0,462,595,34510.0
T305,2024-01-29,B4,P7,PR109,64.0,114,139,8896.0
T306,2024-02-16,B3,P1,PR2,119.0,345,463,55097.0
T307,2024-01-19,B4,P3,PR61,102.0,218,319,32538.0
T308,2024-09-21,B4,P2,PR57,50.0,233,333,16650.0
T309,2024-10-22,B1,P1,PR10,93.0,233,268,24924.0
T310,2024-09-28,B2,P7,PR117,37.0,97,116,4292.0
T311,2024-03-26,B-UNKNOWN,P2,PR51,138.0,310,402,55476.0
T312,2024-11-02,B4,P9,PR143,41.0,315,450,18450.0
T313,2024-02-22,B3,P5,PR86,,164,215,6880.0
T314,2024/07/22,B2,P2,PR50,51.0,212,257,13107.0
T315,2024-03-16,B1,P9,PR135,133.0,456,549,73017.0
T316,2024-11-21,B3,P6,PR107,31.0,324,394,12214.0
T317,2024-07-24,B5,P4,PR79,98.0,373,454,444920.0
T318,2024-01-28,B2,P5,PR85,86.0,224,333,28638.0
T319,2024-08-04,B4,P9,PR140,21.0,154,169,3549.0
T320,2024-04-12,B4,P7,PR112,62.0,279,419,25978.0
T321,2024-11-20,B6,P1,PR11,9.0,247,287,2583.0
T322,2024-11-15,B1,P11,PR35,,319,384,26112.0
T323,2024-09-23,B3,P1,PR9,104.0,187,319,33176.0
T324,2024-11-27,B5,P3,PR71,15.0,130,151,2265.0
T325,2024-09-30,B5,P3,PR69,102.0,308,369,37638.0
T326,2024-05-27,B4,P11,PR29,81.0,212,339,27459.0
T327,2024-11-08,B5,P10,PR23,41.0,214,275,11275.0
T328,2024-12-29,B4,P5,PR96,34.0,209,255,8670.0
T329,Oct 9 2024,B5,P1,PR6,73.0,264,273,19929.0
T330,2024-07-21,B4,P1,PR7,88.0,185,308,27104.0
T331,2024-05-18,B-UNKNOWN,P11,PR29,66.0,212,339,22374.0
T332,2024-08-13,B3,P9,PR140,27.0,154,169,4563.0
T333,2024-02-25,B3,P7,PR110,48.0,113,193,9264.0
T334,2024-03-12,B5,P9,PR135,85.0,456,549,46665.0
T335,2024-02-18,B6,P10,PR14,80.0,127,190,15200.0
T336,2024-03-06,B5,P6,PR99,73.0,328,396,28908.0
T337,2024-03-01,B5,P12,PR39,110.0,107,192,21120.0
T338,2024-02-26,B3,P6,PR98,77.0,153,244,18788.0
T339,2024-06-29,B3,P6,PR102,87.0,336,437,38019.0
T340,14/06/2024,B5,P10,PR13,83.0,494,598,49634.0
T341,2024-06-04,B3,P3,PR66,114.0,373,455,51870.0
T342,2024-11-07,B4,P4,PR83,34.0,102,147,4998.0
T343,2024-06-02,B5,P7,PR114,59.0,190,244,14396.0
T344,2024-09-21,B5,P10,PR21,75.0,259,272,20400.0
T345,2024-12-12,B2,P5,PR96,33.0,209,255,8415.0
T346,2024-02-20,B5,P6,PR98,67.0,153,244,16348.0
T347,2024-03-19,B5,P4,PR75,168.0,344,434,72912.0
T348,2024/07/22,B1,P10,PR18,87.0,328,446,38802.0
T349,2024-06-08,B6,P7,PR114,,190,244,10248.0
T350,2024-06-24,B5,P7,PR114,73.0,190,244,17812.0
T351,2024-04-16,B1,P7,PR112,84.0,279,419,35196.0
T352,2024-06-29,B6,P8,PR126,25.0,218,287,7175.0
T353,2024/07/22,B1,P1,PR10,84.0,233,268,22512.0
T354,2024-04-10,B5,P3,PR64,197.0,398,475,93575.0
T355,2024-09-20,B1,P3,PR69,,308,369,23985.0
T356,2024-01-15,B5,P2,PR49,39.0,246,380,14820.0
T357,2024-08-08,B2,P1,PR8,33.0,133,163,5379.0
T358,2024-06-30,B1,P11,PR30,53.0,382,484,25652.0
T359,2024-06-27,B1,P4,PR78,119.0,360,420,49980.0
T360,2024-08-13,B4,P1,PR8,69.0,133,163,11247.0
T361,2024-06-04,B2,P6,PR102,52.0,336,437,22724.0
T362,2024-07-30,B2,P11,PR31,117.0,360,440,51480.0
T363,2024-03-28,B1,P5,PR87,108.0,300,326,35208.0
T364,2024-06-20,B1,P7,PR114,69.0,190,244,16836.0
T365,2024-08-04,B3,P5,PR92,90.0,137,177,15930.0
T366,2024-06-25,B6,P4,PR78,98.0,360,420,41160.0
T367,2024-03-07,B2,P2,PR51,119.0,310,402,47838.0
T368,2024-03-22,B6,P5,PR87,105.0,300,326,34230.0
T369,2024-10-24,B2,P4,PR82,97.0,380,445,43165.0
T370,2024-12-27,B4,P11,PR36,71.0,392,482,34222.0
T371,2024-11-07,B3,P7,PR119,18.0,117,144,2592.0
T372,2024-07-16,B2,P1,PR7,54.0,185,308,16632.0
T373,2024-04-28,B3,P5,PR88,84.0,170,262,22008.0
T374,2024-04-08,B4,P2,PR52,132.0,133,269,35508.0
T375,2024-11-17,B3,P9,PR143,13.0,315,450,5850.0
T376,2024-12-13,B6,P9,PR144,27.0,168,287,7749.0
T377,2024-12-24,B1,P12,PR48,20.0,327,413,8260.0
T378,2024-04-03,B6,P11,PR28,104.0,106,106,11024.0
T379,2024-01-21,B3,P6,PR97,25.0,273,330,8250.0
T380,2024-03-20,B2,P6,PR99,65.0,328,396,25740.0
T381,2024-10-16,B5,P4,PR82,131.0,380,445,58295.0
T382,2024-06-27,B1,P1,PR6,55.0,264,273,15015.0
T383,2024-10-26,B3,P8,PR130,26.0,102,119,3094.0
T384,2024-04-17,B6,P5,PR88,71.0,170,262,18602.0
T385,2024-11-11,B3,P4,PR83,33.0,102,147,4851.0
T386,2024-12-20,B6,P7,PR120,45.0,112,125,5625.0
T387,2024-04-15,B1,P6,PR100,125.0,329,405,50625.0
T388,2024-12-25,B6,P7,PR120,21.0,112,125,2625.0
T389,2024-04-30,B1,P7,PR112,93.0,279,419,389670.0
T390,2024-04-13,B4,P9,PR136,99.0,177,252,24948.0
T391,2024-05-01,B2,P10,PR17,50.0,260,287,14350.0
T392,2024-11-24,B5,P5,PR95,24.0,103,210,5040.0
T393,2024-05-03,B2,P5,PR89,35.0,103,127,4445.0
T394,2024-12-12,B4,P9,PR144,14.0,168,287,4018.0
T395,2024-04-15,B1,P2,PR52,126.0,133,269,33894.0
T396,2024-12-25,B5,P11,PR36,55.0,392,482,26510.0
T397,2024-07-04,B4,P11,PR31,62.0,360,440,27280.0
T398,2024-02-12,B1,P10,PR14,62.0,127,190,11780.0
T399,2024-11-26,B1,P12,PR47,32.0,269,387,12384.0
T400,2024-11-25,B6,P11,PR35,69.0,319,384,26496.0
T401,2024-05-05,B3,P2,PR53,59.0,225,278,16402.0
T402,14/06/2024,B-UNKNOWN,P3,PR67,142.0,318,376,53392.0
T403,2024-11-11,B3,P5,PR95,29.0,103,210,6090.0
T404,2024-04-27,B3,P5,PR88,77.0,170,262,20174.0
T405,2024-05-02,B1,P1,PR5,33.0,261,389,12837.0
T406,2024-04-20,B3,P12,PR40,114.0,271,363,41382.0
T407,2024-11-04,B4,P8,PR131,45.0,328,426,19170.0
T408,2024-11-22,B2,P6,PR107,10.0,324,394,3940.0
T409,2024-07-09,B3,P1,PR7,39.0,185,308,12012.0
T410,2024-02-06,B3,P9,PR134,27.0,436,517,13959.0
T411,2024-02-02,B3,P12,PR38,21.0,215,216,4536.0
T412,2024-01-03,B4,P12,PR37,64.0,232,377,24128.0
T413,2024-09-30,B5,P9,PR141,39.0,306,412,16068.0
T414,2024-02-11,B3,P1,PR2,,345,463,43985.0
T415,2024-09-03,B6,P9,PR141,37.0,306,412,15244.0
T416,2024-01-15,B6,P4,PR73,75.0,333,442,33150.0
T417,2024-10-23,B4,P5,PR94,73.0,256,372,27156.0
T418,2024-07-21,B2,P11,PR31,47.0,360,440,20680.0
T419,2024-05-09,B6,P9,PR137,32.0,512,594,19008.0
T420,2024-09-07,B6,P4,PR81,133.0,195,252,33516.0
T421,2024-09-19,B4,P8,PR129,30.0,113,134,4020.0
T422,2024-03-09,B1,P7,PR111,130.0,105,126,16380.0
T423,2024-11-16,B4,P10,PR23,37.0,214,275,10175.0
T424,2024-10-05,B1,P3,PR70,67.0,447,563,37721.0
T425,Oct 9 2024,B2,P4,PR79,37.0,373,454,16798.0
T426,2024-08-23,B5,P11,PR32,,385,436,23980.0
T427,2024-02-28,B3,P10,PR14,65.0,127,190,12350.0
T428,2024.01.30,B3,P1,PR12,28.0,169,171,4788.0
T429,2024-09-07,B1,P1,PR9,87.0,187,319,27753.0
T430,2024-01-18,B4,P9,PR133,51.0,403,491,25041.0
T431,2024-01-11,B3,P8,PR121,76.0,331,398,30248.0
T432,2024.01.30,B2,P3,PR64,217.0,398,475,103075.0
T433,2024-10-28,B1,P11,PR34,149.0,462,595,88655.0
T434,2024-01-13,B1,P5,PR85,39.0,224,333,12987.0
T435,2024-01-19,B4,P2,PR49,66.0,246,380,25080.0
T436,2024-03-22,B1,P10,PR15,117.0,113,252,29484.0
T437,2024-07-03,B5,P5,PR91,87.0,213,231,20097.0
T438,2024-11-15,B5,P1,PR11,24.0,247,287,6888.0
T439,2024-08-27,B2,P6,PR104,65.0,326,379,24635.0
T440,2024-08-23,B3,P8,PR128,25.0,107,115,2875.0
T441,2024-07-15,B5,P11,PR31,42.0,360,440,1848.0
T442,2024-10-26,B6,P3,PR70,39.0,447,563,21957.0
T443,2024-10-19,B2,P9,PR142,32.0,342,439,140480.0
T444,2024-03-13,B5,P9,PR135,,456,549,37881.0
T445,2024-11-21,B6,P4,PR83,44.0,102,147,6468.0
T446,2024-06-21,B2,P9,PR138,61.0,181,197,12017.0
T447,15-03-2024,B4,P5,PR88,79.0,170,262,20698.0
T448,2024-07-21,B3,P8,PR127,58.0,120,240,13920.0
T449,2024-06-06,B1,P11,PR30,140.0,382,484,67760.0
T450,2024-10-26,B6,P3,PR70,88.0,447,563,49544.0
T451,2024-08-07,B2,P10,PR20,28.0,133,137,3836.0
T452,2024-05-21,B6,P11,PR29,116.0,212,339,39324.0
T453,2024-01-11,B5,P4,PR73,37.0,333,442,163540.0
T454,2024-11-27,B5,P2,PR59,23.0,197,217,4991.0
T455,Oct 9 2024,B1,P10,PR18,37.0,328,446,16502.0
T456,2024-11-23,B6,P5,PR95,6.0,103,210,1260.0
T457,2024-01-14,B3,P9,PR133,82.0,403,491,40262.0
T458,2024-03-30,B4,P1,PR3,182.0,277,401,72982.0
T459,2024-11-02,B3,P6,PR107,21.0,324,394,8274.0
T460,2024-01-29,B1,P6,PR97,62.0,273,330,20460.0
T461,2024-07-02,B5,P5,PR91,74.0,213,231,17094.0
T462,2024-03-19,B-UNKNOWN,P9,PR135,137.0,456,549,75213.0
T463,2024-05-12,B5,P10,PR17,81.0,260,287,23247.0
T464,2024-12-27,B3,P12,PR48,40.0,327,413,16520.0
T465,2024-03-08,B3,P11,PR27,92.0,172,300,27600.0
T466,2024-03-18,B1,P9,PR135,89.0,456,549,48861.0
T467,2024-01-31,B3,P7,PR109,84.0,114,139,11676.0
T468,2024-11-06,B2,P5,PR95,14.0,103,210,2940.0
T469,2024-09-27,B4,P1,PR9,103.0,187,319,32857.0
T470,2024-04-19,B3,P9,PR136,104.0,177,252,26208.0
T471,2024-01-14,B3,P2,PR49,27.0,246,380,10260.0
T472,2024-01-31,B2,P4,PR73,99.0,333,442,43758.0
T473,2024-01-16,B4,P11,PR25,30.0,317,416,12480.0
T474,2024-11-25,B4,P11,PR35,39.0,319,384,14976.0
T475,2024-05-16,B2,P3,PR65,81.0,378,460,37260.0
T476,2024-06-12,B2,P9,PR138,77.0,181,197,15169.0
T477,2024-07-03,B1,P1,PR7,104.0,185,308,32032.0
T478,2024-03-18,B1,P1,PR3,128.0,277,401,51328.0
T479,2024-03-27,B6,P12,PR39,110.0,107,192,21120.0
T480,2024-07-22,B5,P5,PR91,24.0,213,231,5544.0
T481,2024-04-28,B3,P8,PR124,115.0,230,351,40365.0
T482,2024-02-03,B2,P2,PR50,58.0,212,257,14906.0
T483,2024-04-24,B5,P9,PR136,129.0,177,252,32508.0
T484,2024-02-27,B2,P7,PR110,65.0,113,193,12545.0
T485,2024-02-07,B1,P11,PR26,54.0,185,266,14364.0
T486,2024-07-27,B4,P7,PR115,66.0,309,429,28314.0
T487,2024-10-05,B4,P11,PR34,128.0,462,595,76160.0
T488,2024-08-04,B4,P5,PR92,89.0,137,177,15753.0
T489,2024-07-16,B5,P6,PR103,38.0,327,407,15466.0
T490,2024-07-12,B6,P4,PR79,70.0,373,454,31780.0
T491,2024-01-26,B4,P6,PR97,61.0,273,330,20130.0
T492,2024-10-22,B5,P1,PR10,127.0,233,268,34036.0
T493,2024-07-13,B3,P4,PR79,98.0,373,454,44492.0
T494,2024-11-09,B6,P9,PR143,25.0,315,450,11250.0
T495,2024-04-24,B3,P8,PR124,93.0,230,351,32643.0
T496,2024-09-24,B3,P8,PR129,81.0,113,134,10854.0
T497,2024-09-25,B6,P4,PR81,118.0,195,252,29736.0
T498,2024-08-23,B2,P3,PR68,35.0,141,167,5845.0
T499,2024-12-25,B5,P11,PR36,38.0,392,482,18316.0
T500,2024.01.30,B4,P12,PR42,31.0,197,274,8494.0
T501,2024-12-21,B3,P2,PR60,51.0,169,219,11169.0
T502,2024-09-07,B4,P7,PR117,50.0,97,116,5800.0
T503,2024-05-09,B3,P1,PR5,58.0,261,389,225620.0
T504,2024-05-10,B1,P4,PR77,86.0,250,346,29756.0
T505,2024-04-13,B1,P3,PR64,191.0,398,475,90725.0
T506,2024-08-14,B4,P6,PR104,66.0,326,379,25014.0
T507,2024-08-08,B5,P9,PR140,52.0,154,169,8788.0
T508,2024-04-08,B1,P10,PR16,134.0,159,188,25192.0
T509,2024-02-10,B6,P12,PR38,68.0,215,216,14688.0
T510,2024-01-14,B4,P2,PR49,132.0,246,380,50160.0
T511,2024-03-31,B1,P2,PR51,169.0,310,402,67938.0
T512,2024-12-09,B3,P4,PR84,24.0,325,328,7872.0
T513,2024-07-17,B2,P12,PR43,35.0,114,238,8330.0
T514,2024-10-15,B1,P12,PR46,27.0,138,212,5724.0
T515,2024-10-08,B4,P10,PR22,73.0,218,340,24820.0
T516,14/06/2024,B1,P9,PR133,38.0,403,491,18658.0
T517,2024-04-05,B4,P7,PR112,95.0,279,419,39805.0
T518,2024-05-10,B4,P9,PR137,58.0,512,594,34452.0
T519,2024-12-14,B3,P1,PR12,34.0,169,171,5814.0
T520,2024-06-05,B4,P4,PR78,47.0,360,420,19740.0
T521,2024-12-02,B3,P12,PR48,42.0,327,413,17346.0
T522,2024-04-12,B5,P12,PR40,131.0,271,363,47553.0
T523,2024-02-04,B4,P6,PR98,61.0,153,244,14884.0
T524,2024-05-29,B6,P4,PR77,74.0,250,346,25604.0
T525,2024-08-15,B2,P4,PR80,60.0,209,265,15900.0
T526,2024-02-06,B2,P8,PR122,83.0,145,228,18924.0
T527,2024-09-12,B2,P4,PR81,92.0,195,252,23184.0
T528,Oct 9 2024,B3,P2,PR57,,233,333,34965.0
T529,2024-12-27,B4,P12,PR48,32.0,327,413,13216.0
T530,2024-05-30,B5,P4,PR77,94.0,250,346,32524.0
T531,Oct 9 2024,B6,P3,PR64,129.0,398,475,61275.0
T532,2024-05-29,B2,P4,PR77,,250,346,48440.0
T533,2024-08-08,B6,P5,PR92,71.0,137,177,12567.0
T534,2024-09-25,B4,P7,PR117,29.0,97,116,3364.0
T535,2024-02-17,B1,P4,PR74,115.0,350,404,46460.0
T536,2024-04-13,B5,P3,PR64,169.0,398,475,80275.0
T537,2024-11-02,B2,P2,PR59,7.0,197,217,1519.0
T538,2024-06-19,B1,P5,PR90,77.0,312,367,28259.0
T539,2024-10-13,B1,P12,PR46,32.0,138,212,6784.0
T540,2024-01-21,B4,P7,PR109,32.0,114,139,4448.0
T541,2024-10-22,B2,P5,PR94,29.0,256,372,10788.0
T542,2024-07-03,B3,P3,PR67,44.0,318,376,16544.0
T543,2024-02-18,B1,P2,PR50,67.0,212,257,17219.0
T544,2024-06-15,B-UNKNOWN,P12,PR42,51.0,197,274,13974.0
T545,2024-05-11,B2,P5,PR89,45.0,103,127,5715.0
T546,2024-05-02,B1,P10,PR17,88.0,260,287,25256.0
T547,2024-09-07,B2,P10,PR21,46.0,259,272,12512.0
T548,2024-03-19,B5,P11,PR27,92.0,172,300,27600.0
T549,2024-03-02,B5,P2,PR51,185.0,310,402,74370.0
T550,14/06/2024,B3,P1,PR12,26.0,169,171,4446.0
T551,2024-06-24,B1,P2,PR54,121.0,249,359,43439.0
T552,2024-02-15,B2,P4,PR74,60.0,350,404,24240.0
T553,2024-04-14,B4,P4,PR76,138.0,136,209,28842.0
T554,2024-01-20,B6,P12,PR37,87.0,232,377,32799.0
T555,2024-01-26,B3,P5,PR85,72.0,224,333,23976.0
T556,2024-10-25,B6,P3,PR70,130.0,447,563,73190.0
T557,2024-06-04,B4,P1,PR6,129.0,264,273,35217.0
T558,2024-11-23,B1,P7,PR119,24.0,117,144,3456.0
T559,2024-02-04,B4,P11,PR26,68.0,185,266,18088.0
T560,2024-10-21,B6,P9,PR142,26.0,342,439,11414.0
T561,2024-12-15,B6,P5,PR96,29.0,209,255,7395.0
T562,2024-10-31,B1,P6,PR106,59.0,108,211,12449.0
T563,2024-02-26,B2,P12,PR38,73.0,215,216,15768.0
T564,2024-06-20,B4,P7,PR114,47.0,190,244,11468.0
T565,2024-11-13,B2,P1,PR11,32.0,247,287,9184.0
T566,2024-03-02,B2,P4,PR75,184.0,344,434,79856.0
T567,2024-07-04,B3,P3,PR67,69.0,318,376,25944.0
T568,15-03-2024,B1,P8,PR129,44.0,113,134,5896.0
T569,2024-03-30,B6,P2,PR51,134.0,310,402,53868.0
T570,2024-02-21,B6,P7,PR110,85.0,113,193,16405.0
T571,2024-08-01,B3,P2,PR56,131.0,284,413,54103.0
T572,2024-06-05,B1,P9,PR138,68.0,181,197,13396.0
T573,2024-12-01,B1,P12,PR48,36.0,327,413,14868.0
T574,2024-12-15,B6,P2,PR60,58.0,169,219,12702.0
T575,2024-11-06,B1,P10,PR23,34.0,214,275,9350.0
T576,2024-05-18,B4,P3,PR65,67.0,378,460,30820.0
T577,2024-03-29,B2,P10,PR15,135.0,113,252,34020.0
T578,2024-05-29,B6,P7,PR113,23.0,114,143,3289.0
T579,2024-02-13,B3,P9,PR134,68.0,436,517,35156.0
T580,2024-06-14,B2,P3,PR66,135.0,373,455,61425.0
T581,2024-09-21,B4,P1,PR9,,187,319,17864.0
T582,2024-07-03,B4,P10,PR19,43.0,340,347,14921.0
T583,2024.01.30,B3,P8,PR124,101.0,230,351,35451.0
T584,2024-07-04,B2,P6,PR103,60.0,327,407,24420.0
T585,2024-11-14,B3,P12,PR47,37.0,269,387,14319.0
T586,2024-01-23,B6,P3,PR61,88.0,218,319,28072.0
T587,2024-07-29,B3,P2,PR55,80.0,320,406,32480.0
T588,2024-11-18,B5,P2,PR59,31.0,197,217,6727.0
T589,2024-07-03,B4,P11,PR31,84.0,360,440,36960.0
T590,2024-12-30,B6,P2,PR60,32.0,169,219,7008.0
T591,2024-03-01,B3,P6,PR99,110.0,328,396,43560.0
T592,2024-06-28,B3,P3,PR66,57.0,373,455,25935.0
T593,2024-03-09,B6,P4,PR75,161.0,344,434,69874.0
T594,2024.01.30,B6,P8,PR124,115.0,230,351,40365.0
T595,2024-03-08,B1,P3,PR63,138.0,436,575,79350.0
T596,2024-11-28,B6,P6,PR107,23.0,324,394,9062.0
T597,2024-07-15,B5,P8,PR127,55.0,120,240,13200.0
T598,2024-05-19,B6,P8,PR125,47.0,197,312,14664.0
T599,2024-10-18,B4,P2,PR58,86.0,211,281,24166.0
T600,2024-11-18,B5,P3,PR71,46.0,130,151,6946.0
T601,2024-01-17,B6,P1,PR1,143.0,227,282,40326.0
T602,2024-06-23,B5,P5,PR90,87.0,312,367,31929.0
T603,2024-10-01,B4,P10,PR22,23.0,218,340,7820.0
T604,2024-07-10,B2,P2,PR55,87.0,320,406,35322.0
T605,2024-12-07,B1,P1,PR12,47.0,169,171,8037.0
T606,2024-11-24,B6,P12,PR47,41.0,269,387,15867.0
T607,2024-12-28,B1,P8,PR132,34.0,134,280,9520.0
T608,2024-07-25,B1,P3,PR67,89.0,318,376,33464.0
T609,2024-08-12,B3,P4,PR80,72.0,209,265,19080.0
T610,2024-01-12,B1,P10,PR13,22.0,494,598,13156.0
T611,2024-11-24,B6,P10,PR23,45.0,214,275,12375.0
T612,2024-03-24,B1,P8,PR123,140.0,321,384,53760.0
T613,2024-03-30,B1,P10,PR15,105.0,113,252,26460.0
T614,2024-06-24,B3,P2,PR54,56.0,249,359,20104.0
T615,2024-06-12,B5,P12,PR42,36.0,197,274,9864.0
T616,2024-07-18,B5,P4,PR79,91.0,373,454,41314.0
T617,2024-08-11,B1,P10,PR20,69.0,133,137,9453.0
T618,2024-02-26,B5,P4,PR74,127.0,350,404,51308.0
T619,2024-09-30,B6,P2,PR57,,233,333,28971.0
T620,2024-04-15,B1,P1,PR4,125.0,229,287,35875.0
T621,2024-10-29,B6,P3,PR70,66.0,447,563,37158.0
T622,2024-12-27,B4,P12,PR48,9.0,327,413,3717.0
T623,2024-03-27,B5,P6,PR99,90.0,328,396,35640.0
T624,2024-03-13,B2,P2,PR51,189.0,310,402,75978.0
T625,2024-01-03,B1,P6,PR97,,273,330,15840.0
T626,2024-08-26,B5,P1,PR8,99.0,133,163,16137.0
T627,2024-11-22,B1,P8,PR131,31.0,328,426,13206.0
T628,2024-12-29,B4,P2,PR60,21.0,169,219,4599.0
T629,2024-01-02,B5,P2,PR49,35.0,246,380,13300.0
T630,2024-10-31,B3,P7,PR118,,288,367,10643.0
T631,2024-08-22,B2,P6,PR104,20.0,326,379,7580.0
T632,2024-09-16,B2,P12,PR45,46.0,198,318,14628.0
T633,2024-12-09,B6,P6,PR108,12.0,128,128,1536.0
T634,2024-02-18,B2,P2,PR50,81.0,212,257,20817.0
T635,2024-09-09,B6,P8,PR129,62.0,113,134,8308.0
T636,2024-12-20,B4,P8,PR132,18.0,134,280,5040.0
T637,2024-11-08,B1,P8,PR131,18.0,328,426,7668.0
T638,2024-12-09,B1,P9,PR144,13.0,168,287,3731.0
T639,2024-04-02,B3,P8,PR124,97.0,230,351,34047.0
T640,2024-06-02,B4,P5,PR90,23.0,312,367,8441.0
T641,2024-03-24,B3,P9,PR135,120.0,456,549,65880.0
T642,2024-05-20,B3,P4,PR77,30.0,250,346,10380.0
T643,2024-06-17,B1,P1,PR6,82.0,264,273,22386.0
T644,2024-06-09,B5,P6,PR102,63.0,336,437,27531.0
T645,2024-01-28,B5,P9,PR133,88.0,403,491,43208.0
T646,2024-12-19,B1,P9,PR144,10.0,168,287,2870.0
T647,2024-05-13,B6,P6,PR101,35.0,277,280,9800.0
T648,2024-03-26,B3,P10,PR15,96.0,113,252,24192.0
T649,2024-01-15,B5,P2,PR49,71.0,246,380,26980.0
T650,2024-03-13,B1,P9,PR135,68.0,456,549,37332.0
T651,2024-02-04,B5,P7,PR110,21.0,113,193,4053.0
T652,2024-02-27,B3,P10,PR14,,127,190,15770.0
T653,2024-08-18,B2,P3,PR68,44.0,141,167,7348.0
T654,2024-08-15,B2,P10,PR20,32.0,133,137,4384.0
T655,2024-01-16,B1,P6,PR97,48.0,273,330,15840.0
T656,2024/07/22,B6,P2,PR52,96.0,133,269,25824.0
T657,2024-05-14,B5,P3,PR65,33.0,378,460,15180.0
T658,2024-10-25,B2,P4,PR82,35.0,380,445,15575.0
T659,15-03-2024,B2,P5,PR90,89.0,312,367,32663.0
T660,2024-09-24,B4,P9,PR141,34.0,306,412,14008.0
T661,2024-01-16,B2,P4,PR73,72.0,333,442,31824.0
T662,2024-11-24,B3,P12,PR47,21.0,269,387,8127.0
T663,2024-01-16,B4,P12,PR37,76.0,232,377,28652.0
T664,2024-03-01,B3,P12,PR39,121.0,107,192,23232.0
T665,2024-07-03,B1,P12,PR43,80.0,114,238,19040.0
T666,2024-09-17,B4,P4,PR81,129.0,195,252,32508.0
T667,15-03-2024,B-UNKNOWN,P1,PR2,113.0,345,463,52319.0
T668,2024-04-18,B2,P2,PR52,104.0,133,269,27976.0
T669,2024-02-08,B4,P12,PR38,60.0,215,216,12960.0
T670,2024-09-03,B1,P11,PR33,64.0,346,400,25600.0
T671,2024-11-25,B4,P12,PR47,7.0,269,387,2709.0
T672,2024-12-06,B3,P8,PR132,13.0,134,280,3640.0
T673,2024-01-22,B1,P5,PR85,43.0,224,333,14319.0
T674,2024-05-26,B5,P12,PR41,37.0,306,380,14060.0
T675,2024-04-12,B6,P2,PR52,145.0,133,269,39005.0
T676,2024-09-08,B3,P9,PR141,47.0,306,412,19364.0
T677,2024-08-21,B2,P11,PR32,81.0,385,436,35316.0
T678,2024-06-24,B2,P6,PR102,22.0,336,437,9614.0
T679,2024-01-01,B4,P3,PR61,81.0,218,319,25839.0
T680,2024-03-11,B2,P11,PR27,137.0,172,300,41100.0
T681,2024-09-24,B5,P3,PR69,100.0,308,369,36900.0
T682,2024-08-19,B2,P6,PR104,52.0,326,379,19708.0
T683,2024-05-17,B1,P10,PR17,72.0,260,287,20664.0
T684,2024-05-28,B6,P2,PR53,89.0,225,278,24742.0
T685,2024-11-30,B5,P10,PR23,37.0,214,275,10175.0
T686,2024-10-27,B2,P9,PR142,67.0,342,439,29413.0
T687,2024-08-11,B6,P2,PR56,79.0,284,413,32627.0
T688,2024-05-01,B-UNKNOWN,P6,PR101,66.0,277,280,18480.0
T689,2024-12-24,B6,P10,PR24,8.0,338,477,3816.0
T690,15-03-2024,B2,P1,PR6,113.0,264,273,30849.0
T691,2024-08-26,B2,P5,PR92,49.0,137,177,8673.0
T692,2024.01.30,B3,P5,PR88,106.0,170,262,27772.0
T693,2024-03-06,B5,P4,PR75,143.0,344,434,62062.0
T694,2024-08-03,B3,P9,PR140,29.0,154,169,4901.0
T695,2024-10-22,B3,P7,PR118,65.0,288,367,23855.0
T696,2024-03-30,B6,P12,PR39,62.0,107,192,11904.0
T697,2024-05-29,B2,P7,PR113,46.0,114,143,6578.0
T698,2024-07-08,B6,P11,PR31,70.0,360,440,30800.0
T699,2024-10-28,B-UNKNOWN,P1,PR10,74.0,233,268,19832.0
T700,2024-05-19,B3,P1,PR5,45.0,261,389,17505.0
T701,2024-12-30,B-UNKNOWN,P4,PR84,7.0,325,328,2296.0
T702,2024-02-07,B4,P7,PR110,64.0,113,193,12352.0
T703,2024-05-12,B1,P5,PR89,27.0,103,127,3429.0
T704,Oct 9 2024,B3,P8,PR122,26.0,145,228,5928.0
T705,2024-09-13,B5,P12,PR45,38.0,198,318,12084.0
T706,2024-01-27,B4,P3,PR61,107.0,218,319,34133.0
T707,2024-02-18,B2,P2,PR50,53.0,212,257,13621.0
T708,2024-11-14,B2,P2,PR59,53.0,197,217,11501.0
T709,2024-05-12,B1,P7,PR113,74.0,114,143,10582.0
T710,2024-01-16,B5,P4,PR73,31.0,333,442,13702.0
T711,2024-04-08,B1,P3,PR64,145.0,398,475,68875.0
T712,2024-04-25,B6,P12,PR40,103.0,271,363,37389.0
T713,2024-06-05,B2,P1,PR6,80.0,264,273,21840.0
T714,2024-03-30,B5,P9,PR135,91.0,456,549,49959.0
T715,2024-09-23,B1,P5,PR93,80.0,344,420,33600.0
T716,2024-12-03,B3,P2,PR60,,169,219,14016.0
T717,2024-09-01,B4,P10,PR21,73.0,259,272,19856.0
T718,2024-06-10,B3,P8,PR126,26.0,218,287,7462.0
T719,2024-03-09,B3,P1,PR3,177.0,277,401,70977.0
T720,2024-12-02,B1,P2,PR60,38.0,169,219,8322.0
T721,2024-01-17,B5,P11,PR25,55.0,317,416,22880.0
T722,2024-07-27,B3,P3,PR67,68.0,318,376,25568.0
T723,2024-03-04,B6,P4,PR75,199.0,344,434,86366.0
T724,2024-07-16,B4,P12,PR43,48.0,114,238,11424.0
T725,2024-07-20,B-UNKNOWN,P10,PR19,45.0,340,347,15615.0
T726,2024-02-24,B6,P7,PR110,63.0,113,193,12159.0
T727,2024-03-17,B6,P8,PR123,101.0,321,384,38784.0
T728,2024-04-06,B1,P9,PR136,113.0,177,252,28476.0
T729,2024-05-10,B3,P8,PR125,25.0,197,312,7800.0
T730,2024-05-16,B4,P5,PR89,58.0,103,127,7366.0
T731,2024-05-25,B5,P2,PR53,63.0,225,278,17514.0
T732,2024-05-05,B2,P9,PR137,26.0,512,594,15444.0
T733,2024-06-06,B2,P11,PR30,131.0,382,484,63404.0
T734,2024-05-02,B2,P7,PR113,63.0,114,143,9009.0
T735,2024-06-12,B3,P3,PR66,138.0,373,455,62790.0
T736,2024-08-28,B1,P12,PR44,47.0,324,394,18518.0
T737,2024-03-01,B1,P5,PR87,63.0,300,326,20538.0
T738,2024-04-11,B3,P12,PR40,111.0,271,363,40293.0
T739,2024-11-22,B6,P9,PR143,41.0,315,450,18450.0
T740,2024-06-08,B5,P10,PR18,65.0,328,446,28990.0
T741,2024-02-05,B3,P12,PR38,77.0,215,216,16632.0
T742,2024-10-04,B1,P5,PR94,35.0,256,372,13020.0
T743,2024-04-04,B2,P7,PR112,97.0,279,419,40643.0
T744,2024-11-05,B6,P1,PR11,27.0,247,287,7749.0
T745,2024-12-29,B2,P2,PR60,42.0,169,219,9198.0
T746,2024/07/22,B5,P7,PR117,84.0,97,116,9744.0
T747,2024-07-12,B1,P7,PR115,41.0,309,429,17589.0
T748,2024-10-18,B6,P5,PR94,26.0,256,372,9672.0
T749,2024-12-30,B2,P4,PR84,54.0,325,328,17712.0
T750,2024-11-19,B4,P12,PR47,6.0,269,387,2322.0
T751,2024-04-20,B3,P7,PR112,140.0,279,419,58660.0
T752,2024-03-25,B2,P10,PR15,90.0,113,252,22680.0
T753,2024-04-28,B1,P8,PR124,82.0,230,351,28782.0
T754,2024-08-24,B1,P10,PR20,47.0,133,137,6439.0
T755,2024-09-07,B2,P1,PR9,125.0,187,319,39875.0
T756,2024-06-12,B6,P12,PR42,41.0,197,274,11234.0
T757,2024-05-05,B3,P4,PR77,66.0,250,346,22836.0
T758,2024-06-07,B3,P3,PR66,69.0,373,455,31395.0
T759,2024-04-04,B3,P6,PR100,121.0,329,405,49005.0
T760,2024-08-29,B5,P7,PR116,45.0,251,292,13140.0
T761,2024-03-27,B4,P4,PR75,99.0,344,434,42966.0
T762,2024-06-20,B5,P5,PR90,70.0,312,367,25690.0
T763,14/06/2024,B6,P1,PR10,40.0,233,268,10720.0
T764,2024-12-30,B2,P9,PR144,30.0,168,287,8610.0
T765,2024-10-10,B3,P9,PR142,20.0,342,439,8780.0
T766,2024-12-13,B2,P6,PR108,25.0,128,128,3200.0
T767,2024-10-08,B1,P7,PR118,71.0,288,367,26057.0
T768,2024-11-11,B-UNKNOWN,P5,PR95,35.0,103,210,7350.0
T769,2024-01-11,B4,P5,PR85,90.0,224,333,29970.0
T770,2024-02-29,B3,P5,PR86,52.0,164,215,11180.0
T771,2024-01-09,B6,P5,PR85,69.0,224,333,22977.0
T772,2024.01.30,B-UNKNOWN,P1,PR10,91.0,233,268,24388.0
T773,14/06/2024,B2,P1,PR7,39.0,185,308,12012.0
T774,2024-06-08,B1,P4,PR78,63.0,360,420,26460.0
T775,2024-03-14,B6,P7,PR111,130.0,105,126,16380.0
T776,2024-09-11,B2,P10,PR21,69.0,259,272,18768.0
T777,2024-11-01,B6,P3,PR71,31.0,130,151,4681.0
T778,2024-12-21,B2,P9,PR144,15.0,168,287,4305.0
T779,2024-04-11,B4,P8,PR124,105.0,230,351,36855.0
T780,2024-06-15,B1,P6,PR102,72.0,336,437,31464.0
T781,2024-12-10,B6,P10,PR24,16.0,338,477,7632.0
T782,2024-12-01,B1,P1,PR12,49.0,169,171,8379.0
T783,2024-08-19,B2,P12,PR44,22.0,324,394,8668.0
T784,2024-01-25,B4,P7,PR109,86.0,114,139,11954.0
T785,2024-03-21,B1,P10,PR15,60.0,113,252,15120.0
T786,2024-07-04,B4,P6,PR103,44.0,327,407,17908.0
T787,2024-06-19,B2,P12,PR42,40.0,197,274,10960.0
T788,2024-12-06,B5,P8,PR132,5.0,134,280,1400.0
T789,2024-05-14,B4,P8,PR125,63.0,197,312,19656.0
T790,2024-05-20,B-UNKNOWN,P2,PR53,137.0,225,278,38086.0
T791,2024-10-27,B4,P7,PR118,74.0,288,367,27158.0
T792,2024-05-21,B4,P2,PR53,110.0,225,278,30580.0
T793,2024-11-28,B3,P5,PR95,11.0,103,210,2310.0
T794,2024-04-19,B4,P2,PR52,131.0,133,269,35239.0
T795,2024-10-19,B4,P10,PR22,55.0,218,340,18700.0
T796,2024.01.30,B6,P10,PR24,35.0,338,477,16695.0
T797,2024-05-31,B4,P1,PR5,141.0,261,389,54849.0
T798,2024-05-07,B1,P11,PR29,110.0,212,339,37290.0
T799,2024-04-20,B3,P12,PR40,136.0,271,363,49368.0
T800,2024-06-24,B-UNKNOWN,P8,PR126,43.0,218,287,12341.0
T9,2024-06-24,B1,P10,PR18,77.0,328,446,34342.0
T511,2024-03-31,B1,P2,PR51,169.0,310,402,67938.0
T176,2024-08-18,B3,P2,PR56,43.0,284,413,17759.0
T736,2024-08-28,B1,P12,PR44,47.0,324,394,18518.0
T243,2024-08-06,B6,P6,PR104,29.0,326,379,10991.0
T765,2024-10-10,B3,P9,PR142,20.0,342,439,8780.0
T541,2024-10-22,B2,P5,PR94,29.0,256,372,10788.0
T431,2024-01-11,B3,P8,PR121,76.0,331,398,30248.0
T85,2024-05-14,B6,P5,PR89,36.0,103,127,4572.0
T643,2024-06-17,B1,P1,PR6,82.0,264,273,22386.0
T256,2024-01-28,B4,P12,PR37,86.0,232,377,32422.0
T112,2024-08-03,B1,P2,PR56,72.0,284,413,29736.0
T290,2024-09-03,B4,P6,PR105,41.0,318,387,15867.0
T350,15-03-2024,B5,P7,PR114,73.0,190,244,17812.0
T704,15-03-2024,B3,P8,PR122,26.0,145,228,5928.0
T522,2024-04-12,B5,P12,PR40,131.0,271,363,47553.0
